{
  "phase1": {
    "accuracy": [
      0.24474789202213287,
      0.2661064565181732,
      0.261904776096344,
      0.26418066024780273,
      0.27048319578170776,
      0.2755602300167084,
      0.27538514137268066,
      0.27836135029792786,
      0.27415966987609863,
      0.27923670411109924
    ],
    "loss": [
      1.4217506647109985,
      1.4060100317001343,
      1.4085891246795654,
      1.4030587673187256,
      1.4072216749191284,
      1.397984504699707,
      1.3999778032302856,
      1.3927154541015625,
      1.3917536735534668,
      1.3906137943267822
    ],
    "val_accuracy": [
      0.3125,
      0.26851850748062134,
      0.21990740299224854,
      0.3086419701576233,
      0.2361111044883728,
      0.23842592537403107,
      0.23148147761821747,
      0.26929011940956116,
      0.24768517911434174,
      0.24382716417312622
    ],
    "val_loss": [
      1.3761283159255981,
      1.3814191818237305,
      1.400602102279663,
      1.3755028247833252,
      1.4120957851409912,
      1.396749496459961,
      1.4377340078353882,
      1.3767986297607422,
      1.3800489902496338,
      1.393994927406311
    ],
    "learning_rate": [
      0.0010000000474974513,
      0.0010000000474974513,
      0.0010000000474974513,
      0.0010000000474974513,
      0.0010000000474974513,
      0.0010000000474974513,
      0.0010000000474974513,
      0.0005000000237487257,
      0.0005000000237487257,
      0.0005000000237487257
    ]
  },
  "fine_tune": {
    "accuracy": [
      0.31705182790756226,
      0.3669467866420746,
      0.3928571343421936,
      0.4054621756076813,
      0.41911765933036804,
      0.42612046003341675,
      0.43102240562438965,
      0.46778711676597595,
      0.4695378243923187,
      0.48074230551719666
    ],
    "loss": [
      1.3690749406814575,
      1.2965341806411743,
      1.2640445232391357,
      1.2398470640182495,
      1.2209266424179077,
      1.210855484008789,
      1.2011346817016602,
      1.1759227514266968,
      1.1558269262313843,
      1.155128836631775
    ],
    "val_accuracy": [
      0.27932098507881165,
      0.3294753134250641,
      0.4652777910232544,
      0.4405864179134369,
      0.5478395223617554,
      0.44907405972480774,
      0.39814814925193787,
      0.5308641791343689,
      0.5324074029922485,
      0.5246913433074951
    ],
    "val_loss": [
      1.4477766752243042,
      1.4844533205032349,
      1.3245820999145508,
      1.2191282510757446,
      1.2198835611343384,
      1.2469232082366943,
      1.4413310289382935,
      1.2600948810577393,
      1.2822145223617554,
      1.2300090789794922
    ],
    "learning_rate": [
      9.999999747378752e-05,
      9.999999747378752e-05,
      9.999999747378752e-05,
      9.999999747378752e-05,
      9.999999747378752e-05,
      9.999999747378752e-05,
      9.999999747378752e-05,
      4.999999873689376e-05,
      4.999999873689376e-05,
      4.999999873689376e-05
    ]
  }
}