{
  "models_evaluated": [
    {
      "model": "models\\model.h5",
      "loaded": true,
      "accuracy": 0.2334096109839817,
      "avg_confidence": 0.3329369127750397,
      "report": {
        "glioma": {
          "precision": 0.0,
          "recall": 0.0,
          "f1-score": 0.0,
          "support": 300.0
        },
        "meningioma": {
          "precision": 0.2334096109839817,
          "recall": 1.0,
          "f1-score": 0.3784786641929499,
          "support": 306.0
        },
        "notumor": {
          "precision": 0.0,
          "recall": 0.0,
          "f1-score": 0.0,
          "support": 405.0
        },
        "pituitary": {
          "precision": 0.0,
          "recall": 0.0,
          "f1-score": 0.0,
          "support": 300.0
        },
        "accuracy": 0.2334096109839817,
        "macro avg": {
          "precision": 0.05835240274599542,
          "recall": 0.25,
          "f1-score": 0.09461966604823747,
          "support": 1311.0
        },
        "weighted avg": {
          "precision": 0.05448004649969367,
          "recall": 0.2334096109839817,
          "f1-score": 0.08834055777501348,
          "support": 1311.0
        }
      }
    },
    {
      "model": "models\\model_selected.h5",
      "loaded": true,
      "accuracy": 0.2334096109839817,
      "avg_confidence": 0.3329369127750397,
      "report": {
        "glioma": {
          "precision": 0.0,
          "recall": 0.0,
          "f1-score": 0.0,
          "support": 300.0
        },
        "meningioma": {
          "precision": 0.2334096109839817,
          "recall": 1.0,
          "f1-score": 0.3784786641929499,
          "support": 306.0
        },
        "notumor": {
          "precision": 0.0,
          "recall": 0.0,
          "f1-score": 0.0,
          "support": 405.0
        },
        "pituitary": {
          "precision": 0.0,
          "recall": 0.0,
          "f1-score": 0.0,
          "support": 300.0
        },
        "accuracy": 0.2334096109839817,
        "macro avg": {
          "precision": 0.05835240274599542,
          "recall": 0.25,
          "f1-score": 0.09461966604823747,
          "support": 1311.0
        },
        "weighted avg": {
          "precision": 0.05448004649969367,
          "recall": 0.2334096109839817,
          "f1-score": 0.08834055777501348,
          "support": 1311.0
        }
      }
    }
  ],
  "best_model": "models\\model.h5",
  "best_accuracy": 0.2334096109839817
}